üîí Row ID,ID annonceur,photo,Titre,Description ,prix fixe,Prix √† afficher,Pays,Ville,Pays-ville,ID cat√©gories,cat√©gories,Date de plublication,Unit√©,disponibilit√© livraison,Favoris,Date de publication ,√âtat
tMghmiAtTfyVoqUR23kjcw,veTOCWJNTM-bjg30cbnWuA,"glide:mesh,tMghmiAtTfyVoqUR23kjcw",Calculatrice Casio FX-991EX,Calculatrice scientifique pour les examens,9000,9000 XOF,B√©nin,Cotonou,B√©nin ~ Cotonou ,EUPRfC6ESsaKNTwPkxZMyQ,√âtudes & Mat√©riel Scolaire,03/15/2020 09:23:47,XOF,livraison disponible ,false,5 years ago,Publi√©
7Mq.gLxrS6KMATYdJZtAxA,4klENuJjQGSm3vB5XCk9Tw,"glide:mesh,7Mq.gLxrS6KMATYdJZtAxA",Lot de stylos,10 stylos bille en couleurs,1500,1500 XOF,B√©nin,Abomey-Calavi,B√©nin ~ Abomey-Calavi ,EUPRfC6ESsaKNTwPkxZMyQ,√âtudes & Mat√©riel Scolaire,07/22/2020 14:45:12,XOF,livraison disponible ,,5 years ago,Publi√©
ZsluGHL1SFiEacbFHmeBQw,veTOCWJNTM-bjg30cbnWuA,"glide:mesh,ZsluGHL1SFiEacbFHmeBQw",Classeur rigide A4,Classeur pour documents scolaires,800,800 XOF,B√©nin,Porto-Novo,B√©nin ~ Porto-Novo ,EUPRfC6ESsaKNTwPkxZMyQ,√âtudes & Mat√©riel Scolaire,11/08/2020 18:30:55,XOF,livraison disponible ,,5 years ago,Publi√©
nGvOd0xSQ0e2FqIByG9F5w,vrpoD7e3SEGf1itBGBVpMA,"glide:mesh,nGvOd0xSQ0e2FqIByG9F5w",Kit g√©om√©trique complet,"√âquerre, r√®gle, compas, rapporteur",1000,1000 XOF,B√©nin,Cotonou,B√©nin ~ Cotonou ,EUPRfC6ESsaKNTwPkxZMyQ,√âtudes & Mat√©riel Scolaire,01/25/2021 07:12:33,XOF,livraison disponible ,,4 years ago,Publi√©
BgbZswzyQq2-AgFLmyisbA,pI6IA2Q7SNuIRWCV1yky1w,"glide:mesh,BgbZswzyQq2-AgFLmyisbA",Sac √† dos scolaire,Sac r√©sistant avec plusieurs poches,5500,5500 XOF,B√©nin,Cotonou,B√©nin ~ Cotonou ,EUPRfC6ESsaKNTwPkxZMyQ,√âtudes & Mat√©riel Scolaire,05/19/2021 22:08:14,XOF,livraison disponible ,,4 years ago,Publi√©
vMyVVeV6Rxqe84MdnVeoaA,rZCQzvWeSSC1b7mFCTstQQ,"glide:mesh,vMyVVeV6Rxqe84MdnVeoaA",√âcouteurs Bluetooth,√âcouteurs sans fil avec micro,7500,7500 XOF,B√©nin,Cotonou,B√©nin ~ Cotonou ,ovjQM5LuT1aE7TEwnAff6g,Technologie & Multim√©dia,09/30/2021 11:47:29,XOF,livraison disponible ,,4 years ago,Publi√©
S2HinL.7Sa2G4zjP1sXkmA,4klENuJjQGSm3vB5XCk9Tw,"glide:mesh,S2HinL.7Sa2G4zjP1sXkmA",Chargeur USB Type-C,Chargeur rapide 18W,3000,3000 XOF,B√©nin,Abomey-Calavi,B√©nin ~ Abomey-Calavi ,ovjQM5LuT1aE7TEwnAff6g,Technologie & Multim√©dia,02/14/2022 16:33:07,XOF,livraison disponible ,,3 years ago,Publi√©
ieT7UvEsTTqXXJU-hJ06eA,veTOCWJNTM-bjg30cbnWuA,"glide:mesh,ieT7UvEsTTqXXJU-hJ06eA",Smartphone Xiaomi Redmi 9A,T√©l√©phone d‚Äôoccasion bon √©tat,45000,45000 XOF,B√©nin,Cotonou,B√©nin ~ Cotonou ,ovjQM5LuT1aE7TEwnAff6g,Technologie & Multim√©dia,04/05/2022 03:55:41,XOF,livraison disponible ,,3 years ago,Publi√©
iNafhNYiTf2q9StixrcKnA,vrpoD7e3SEGf1itBGBVpMA,"glide:mesh,iNafhNYiTf2q9StixrcKnA",Casque gamer,Casque avec micro pour gaming,15000,15000 XOF,B√©nin,Cotonou,B√©nin ~ Cotonou ,ovjQM5LuT1aE7TEwnAff6g,Technologie & Multim√©dia,08/17/2022 19:21:36,XOF,livraison disponible ,,3 years ago,Publi√©
muTcOe4gQ8aG2QvbewMJGw,rZCQzvWeSSC1b7mFCTstQQ,"glide:mesh,muTcOe4gQ8aG2QvbewMJGw",Cl√© USB 32Go,Cl√© rapide USB 3.0,2500,2500 XOF,B√©nin,Porto-Novo,B√©nin ~ Porto-Novo ,ovjQM5LuT1aE7TEwnAff6g,Technologie & Multim√©dia,12/24/2022 23:59:18,XOF,livraison disponible ,,2 years ago,Publi√©
hotz.GKhQHyx9N7Z.uFRGQ,rZCQzvWeSSC1b7mFCTstQQ,"glide:mesh,hotz.GKhQHyx9N7Z.uFRGQ",Table pliante,Table d‚Äô√©tude pliante facile √† transporter,10000,10000 XOF,B√©nin,Cotonou,B√©nin ~ Cotonou ,uFKZiWaPSdms6WK7Yxs1-A,Meubles & D√©co √âtudiante,03/08/2023 08:14:52,XOF,livraison disponible ,,2 years ago,Publi√©
eTELHf0nSS6CWUBCCOw0Ow,veTOCWJNTM-bjg30cbnWuA,"glide:mesh,eTELHf0nSS6CWUBCCOw0Ow",Chaise plastique,Chaise robuste pour chambre d‚Äô√©tudiant,2500,2500 XOF,B√©nin,Cotonou,B√©nin ~ Cotonou ,uFKZiWaPSdms6WK7Yxs1-A,Meubles & D√©co √âtudiante,06/21/2023 13:27:05,XOF,livraison disponible ,,2 years ago,Publi√©
scBd1KgZRGCkTJ2ZhMbBdA,4klENuJjQGSm3vB5XCk9Tw,"glide:mesh,scBd1KgZRGCkTJ2ZhMbBdA",Lampe de bureau LED,Lampe tactile √† intensit√© r√©glable,3500,3500 XOF,B√©nin,Cotonou,B√©nin ~ Cotonou ,uFKZiWaPSdms6WK7Yxs1-A,Meubles & D√©co √âtudiante,10/15/2023 20:45:33,XOF,livraison disponible ,,2 years ago,Publi√©
QGpON4YlTUi2wD6Dx6nCRg,pI6IA2Q7SNuIRWCV1yky1w,"glide:mesh,QGpON4YlTUi2wD6Dx6nCRg",V√©lo pliant,Id√©al pour les trajets campus,40000,40000 XOF,B√©nin,Abomey-Calavi,B√©nin ~ Abomey-Calavi ,DNfYwVLCRdysink87eDl4w,Transport √âtudiant,01/07/2024 04:32:19,XOF,livraison disponible ,,1 year ago,Publi√©
S0AAQEDAQM2oOxj1CxXmOw,veTOCWJNTM-bjg30cbnWuA,"glide:mesh,S0AAQEDAQM2oOxj1CxXmOw",Casque de moto,Casque homologu√© neuf,12000,12000 XOF,B√©nin,Cotonou,B√©nin ~ Cotonou ,DNfYwVLCRdysink87eDl4w,Transport √âtudiant,05/12/2020 10:11:42,XOF,livraison disponible ,,5 years ago,Publi√©
rUk5gF2.SmGQSoem5DsW0A,pI6IA2Q7SNuIRWCV1yky1w,"glide:mesh,rUk5gF2.SmGQSoem5DsW0A",Sacoche moto √©tanche,Rangement pratique pour motard,6500,6500 XOF,B√©nin,Cotonou,B√©nin ~ Cotonou ,DNfYwVLCRdysink87eDl4w,Transport √âtudiant,09/05/2020 15:30:28,XOF,livraison disponible ,,5 years ago,Publi√©
bwDugKH5SRq1I6mn96CCGw,rZCQzvWeSSC1b7mFCTstQQ,"glide:mesh,bwDugKH5SRq1I6mn96CCGw",Bouteille isotherme,Garde le caf√© chaud pendant les cours,2000,2000 XOF,B√©nin,Cotonou,B√©nin ~ Cotonou ,Sf3sPJ19RHSChZy5v8vd8g,Vie √âtudiante & Divers,12/18/2020 21:08:57,XOF,livraison disponible ,,4 years ago,Publi√©
3bap0xhuSSO0b953tsNBWA,4klENuJjQGSm3vB5XCk9Tw,"glide:mesh,3bap0xhuSSO0b953tsNBWA",Tableau blanc,Petit tableau pour r√©visions √† domicile,8000,8000 XOF,B√©nin,Cotonou,B√©nin ~ Cotonou ,Sf3sPJ19RHSChZy5v8vd8g,Vie √âtudiante & Divers,04/22/2021 06:45:14,XOF,livraison disponible ,,4 years ago,Publi√©
IaQaCe4tTUeQ4hlvRpsjCg,pI6IA2Q7SNuIRWCV1yky1w,"glide:mesh,IaQaCe4tTUeQ4hlvRpsjCg",Ventilateur portable,Rechargeable en USB,5000,5000 XOF,B√©nin,Cotonou,B√©nin ~ Cotonou ,Sf3sPJ19RHSChZy5v8vd8g,Vie √âtudiante & Divers,07/14/2021 17:22:39,XOF,livraison disponible ,,4 years ago,Publi√©
DbdKAJoqRLmL9NjdAFvKEQ,vrpoD7e3SEGf1itBGBVpMA,"glide:mesh,DbdKAJoqRLmL9NjdAFvKEQ",Sandwich maison,Pain + omelette + salade,1000,1000 XOF,B√©nin,Cotonou,B√©nin ~ Cotonou ,ljSW-tWTQFO7U8Of97XSJQ,Repas & Accessoires de Cuisine,11/29/2021 12:55:03,XOF,livraison disponible ,,4 years ago,Publi√©
w1JSE.RlTR-45OGG8bWScQ,rZCQzvWeSSC1b7mFCTstQQ,"glide:mesh,w1JSE.RlTR-45OGG8bWScQ",Yaourt local 50cl,Frais et naturel,500,500 XOF,B√©nin,Cotonou,B√©nin ~ Cotonou ,ljSW-tWTQFO7U8Of97XSJQ,Repas & Accessoires de Cuisine,02/03/2022 09:37:21,XOF,livraison disponible ,,3 years ago,Publi√©
CEoZWRuyS4iFnD3EMBGi0g,4klENuJjQGSm3vB5XCk9Tw,"glide:mesh,CEoZWRuyS4iFnD3EMBGi0g",Pain au lait,Id√©al pour petit-d√©jeuner,300,300 XOF,B√©nin,Abomey-Calavi,B√©nin ~ Abomey-Calavi ,ljSW-tWTQFO7U8Of97XSJQ,Repas & Accessoires de Cuisine,06/28/2022 14:20:48,XOF,livraison disponible ,,3 years ago,Publi√©
aOFwv2CKRJuKNVvmxuLTuw,rZCQzvWeSSC1b7mFCTstQQ,"glide:mesh,aOFwv2CKRJuKNVvmxuLTuw",T-shirt √©tudiant IMSP,T-shirt brod√© pour promo 2025,2500,2500 XOF,B√©nin,Cotonou,B√©nin ~ Cotonou ,tyLhiOz1RZWeT-ljWQGLMg,V√™tements & Accessoires,10/11/2022 18:43:16,XOF,livraison disponible ,,3 years ago,Publi√©
a-WfAKuSZQv6t4kYnPRLZaA,rZCQzvWeSSC1b7mFCTstQQ,"glide:mesh,a-WfAKuSZQv6t4kYnPRLZaA",Sac banane,Tr√®s pratique pour les petits d√©placements,1500,1500 XOF,B√©nin,Cotonou,B√©nin ~ Cotonou ,tyLhiOz1RZWeT-ljWQGLMg,V√™tements & Accessoires,01/31/2023 05:29:44,XOF,livraison disponible ,,2 years ago,Publi√©
LJLgC-9lTcyjbwltSA4Tbg,veTOCWJNTM-bjg30cbnWuA,"glide:mesh,LJLgC-9lTcyjbwltSA4Tbg",Baskets d‚Äôoccasion,"Confortables, taille 43",9000,9000 XOF,B√©nin,Cotonou,B√©nin ~ Cotonou ,tyLhiOz1RZWeT-ljWQGLMg,V√™tements & Accessoires,05/24/2023 11:16:27,XOF,livraison disponible ,,2 years ago,Publi√©
qtOtSXq1QSeLrLqIg5Za.A,rZCQzvWeSSC1b7mFCTstQQ,"glide:mesh,qtOtSXq1QSeLrLqIg5Za.A",Chips de plantain,Croquants et sal√©s,200,200 XOF,B√©nin,Cotonou,B√©nin ~ Cotonou ,AFBILEjdTHSASwnOGLHwOg,Snacks & Produits faits maison,09/07/2023 16:54:32,XOF,livraison disponible ,,2 years ago,Publi√©
Yq-ixUWzTrmOnytAj-uhjw,4klENuJjQGSm3vB5XCk9Tw,"glide:mesh,Yq-ixUWzTrmOnytAj-uhjw",G√¢teau local,"Fait maison, id√©al pause",300,300 XOF,B√©nin,Cotonou,B√©nin ~ Cotonou ,AFBILEjdTHSASwnOGLHwOg,Snacks & Produits faits maison,12/12/2023 22:08:51,XOF,livraison disponible ,,2 years ago,Publi√©
A5SeIYsKTjuC1SjDdIHwHA,4klENuJjQGSm3vB5XCk9Tw,"glide:mesh,A5SeIYsKTjuC1SjDdIHwHA",Jus naturel bissap,Sans conservateur,400,400 XOF,B√©nin,Cotonou,B√©nin ~ Cotonou ,AFBILEjdTHSASwnOGLHwOg,Snacks & Produits faits maison,03/27/2024 07:35:10,XOF,livraison disponible ,,1 year ago,Publi√©
JVrMkfxeRzWnE6OItDelNQ,vrpoD7e3SEGf1itBGBVpMA,"glide:mesh,JVrMkfxeRzWnE6OItDelNQ",Croquettes de haricot,Croquettes maison pr√™tes √† consommer,500,500 XOF,B√©nin,Cotonou,B√©nin ~ Cotonou ,ljSW-tWTQFO7U8Of97XSJQ,Repas & Accessoires de Cuisine,07/19/2024 13:42:59,XOF,livraison disponible ,,11 months ago,Publi√©
EirdgxV1QXGivcqEyIcEHg,veTOCWJNTM-bjg30cbnWuA,"glide:mesh,EirdgxV1QXGivcqEyIcEHg",G√¢teau au chocolat,Tranche de g√¢teau moelleux fait maison,800,800 XOF,B√©nin,Abomey-Calavi,B√©nin ~ Abomey-Calavi ,ljSW-tWTQFO7U8Of97XSJQ,Repas & Accessoires de Cuisine,11/05/2024 19:15:24,XOF,livraison disponible ,,1 year ago,Publi√©